Auto-update on Mon May 12 02:51:43 UTC 2025
Auto-update on Tue May 13 03:31:29 UTC 2025
Auto-update on Wed May 14 03:30:04 UTC 2025
Auto-update on Thu May 15 03:30:03 UTC 2025
Auto-update on Fri May 16 03:31:46 UTC 2025
Auto-update on Sat May 17 03:26:47 UTC 2025
Auto-update on Sun May 18 03:34:39 UTC 2025
Auto-update on Mon May 19 03:37:12 UTC 2025
Auto-update on Tue May 20 03:31:28 UTC 2025
Auto-update on Wed May 21 03:30:52 UTC 2025
Auto-update on Thu May 22 03:31:15 UTC 2025
Auto-update on Fri May 23 03:30:58 UTC 2025
Auto-update on Sat May 24 02:39:19 UTC 2025
Auto-update on Sat May 24 03:16:02 UTC 2025
Auto-update on Sun May 25 03:37:23 UTC 2025
Auto-update on Mon May 26 03:35:18 UTC 2025
Auto-update on Tue May 27 03:30:52 UTC 2025
Auto-update on Wed May 28 03:32:31 UTC 2025
Auto-update on Thu May 29 03:33:38 UTC 2025
Auto-update on Fri May 30 03:31:49 UTC 2025
Auto-update on Sat May 31 03:29:44 UTC 2025
Auto-update on Sun Jun  1 03:52:23 UTC 2025
Auto-update on Mon Jun  2 03:41:39 UTC 2025
Auto-update on Tue Jun  3 03:35:46 UTC 2025
Auto-update on Wed Jun  4 03:36:19 UTC 2025
Auto-update on Thu Jun  5 03:37:00 UTC 2025
Auto-update on Fri Jun  6 03:36:12 UTC 2025
Auto-update on Sat Jun  7 03:32:29 UTC 2025
Auto-update on Sun Jun  8 03:41:54 UTC 2025
Auto-update on Mon Jun  9 03:42:04 UTC 2025
Auto-update on Tue Jun 10 03:37:58 UTC 2025
Auto-update on Wed Jun 11 03:37:27 UTC 2025
Auto-update on Thu Jun 12 01:55:18 UTC 2025
Auto-update on Fri Jun 13 01:56:25 UTC 2025
Auto-update on Sat Jun 14 01:52:24 UTC 2025
Auto-update on Sun Jun 15 02:06:13 UTC 2025
Auto-update on Mon Jun 16 02:00:16 UTC 2025
Auto-update on Tue Jun 17 01:56:55 UTC 2025
Auto-update on Wed Jun 18 01:56:10 UTC 2025
Auto-update on Thu Jun 19 01:57:00 UTC 2025
Auto-update on Fri Jun 20 01:55:57 UTC 2025
Auto-update on Sat Jun 21 01:53:52 UTC 2025
Auto-update on Sun Jun 22 02:05:30 UTC 2025
Auto-update on Mon Jun 23 02:03:50 UTC 2025
Auto-update on Tue Jun 24 01:57:50 UTC 2025
Auto-update on Wed Jun 25 01:57:47 UTC 2025
Auto-update on Thu Jun 26 01:56:42 UTC 2025
Auto-update on Fri Jun 27 01:57:42 UTC 2025
Auto-update on Sat Jun 28 01:53:32 UTC 2025
Auto-update on Sun Jun 29 02:07:47 UTC 2025
Auto-update on Mon Jun 30 02:02:54 UTC 2025
Auto-update on Tue Jul  1 02:08:38 UTC 2025
Auto-update on Wed Jul  2 01:57:20 UTC 2025
Auto-update on Thu Jul  3 01:57:38 UTC 2025
Auto-update on Fri Jul  4 01:57:05 UTC 2025
Auto-update on Sat Jul  5 01:53:15 UTC 2025
Auto-update on Sun Jul  6 02:06:16 UTC 2025
Auto-update on Mon Jul  7 02:03:19 UTC 2025
Auto-update on Tue Jul  8 01:58:21 UTC 2025
Auto-update on Wed Jul  9 01:59:30 UTC 2025
Auto-update on Thu Jul 10 01:59:42 UTC 2025
Auto-update on Fri Jul 11 02:02:12 UTC 2025
Auto-update on Sat Jul 12 02:03:07 UTC 2025
Auto-update on Sun Jul 13 02:11:24 UTC 2025
Auto-update on Mon Jul 14 02:06:48 UTC 2025
Auto-update on Tue Jul 15 02:06:38 UTC 2025
Auto-update on Wed Jul 16 02:03:20 UTC 2025
Auto-update on Thu Jul 17 02:03:52 UTC 2025
Auto-update on Fri Jul 18 02:05:26 UTC 2025
Auto-update on Sat Jul 19 01:59:21 UTC 2025
Auto-update on Sun Jul 20 02:19:15 UTC 2025
Auto-update on Mon Jul 21 02:10:11 UTC 2025
Auto-update on Tue Jul 22 02:04:22 UTC 2025
Auto-update on Wed Jul 23 02:05:28 UTC 2025
Auto-update on Thu Jul 24 02:04:32 UTC 2025
Auto-update on Fri Jul 25 02:04:20 UTC 2025
Auto-update on Sat Jul 26 02:00:27 UTC 2025
Auto-update on Sun Jul 27 02:20:09 UTC 2025
Auto-update on Mon Jul 28 02:11:13 UTC 2025
Auto-update on Tue Jul 29 02:22:24 UTC 2025
Auto-update on Wed Jul 30 02:07:18 UTC 2025
Auto-update on Thu Jul 31 02:06:57 UTC 2025
Auto-update on Fri Aug  1 02:23:50 UTC 2025
Auto-update on Sat Aug  2 02:01:30 UTC 2025
Auto-update on Sun Aug  3 02:22:17 UTC 2025
Auto-update on Mon Aug  4 02:22:00 UTC 2025
Auto-update on Tue Aug  5 02:09:57 UTC 2025
Auto-update on Wed Aug  6 02:08:06 UTC 2025
Auto-update on Thu Aug  7 02:08:26 UTC 2025
Auto-update on Fri Aug  8 02:07:59 UTC 2025
Auto-update on Sat Aug  9 01:56:58 UTC 2025
Auto-update on Sun Aug 10 02:11:57 UTC 2025
Auto-update on Mon Aug 11 02:08:09 UTC 2025
Auto-update on Tue Aug 12 01:56:02 UTC 2025
Auto-update on Wed Aug 13 01:58:11 UTC 2025
Auto-update on Thu Aug 14 01:58:26 UTC 2025
Auto-update on Fri Aug 15 01:59:17 UTC 2025
Auto-update on Sat Aug 16 01:53:27 UTC 2025
Auto-update on Sun Aug 17 02:05:05 UTC 2025
Auto-update on Mon Aug 18 02:05:30 UTC 2025
Auto-update on Tue Aug 19 01:52:53 UTC 2025
Auto-update on Wed Aug 20 01:50:51 UTC 2025
Auto-update on Thu Aug 21 01:49:20 UTC 2025
Auto-update on Fri Aug 22 01:50:06 UTC 2025
Auto-update on Sat Aug 23 01:46:18 UTC 2025
Auto-update on Sun Aug 24 02:00:41 UTC 2025
Auto-update on Mon Aug 25 01:54:55 UTC 2025
Auto-update on Tue Aug 26 01:51:14 UTC 2025
Auto-update on Wed Aug 27 01:47:50 UTC 2025
Auto-update on Thu Aug 28 01:46:56 UTC 2025
Auto-update on Fri Aug 29 01:46:48 UTC 2025
Auto-update on Sat Aug 30 01:41:39 UTC 2025
Auto-update on Sun Aug 31 01:52:09 UTC 2025
Auto-update on Mon Sep  1 02:02:11 UTC 2025
Auto-update on Tue Sep  2 01:48:37 UTC 2025
Auto-update on Wed Sep  3 01:41:33 UTC 2025
Auto-update on Thu Sep  4 01:41:56 UTC 2025
Auto-update on Fri Sep  5 01:44:30 UTC 2025
Auto-update on Sat Sep  6 01:41:22 UTC 2025
Auto-update on Sun Sep  7 01:49:49 UTC 2025
Auto-update on Mon Sep  8 01:49:29 UTC 2025
Auto-update on Tue Sep  9 01:46:06 UTC 2025
Auto-update on Wed Sep 10 01:42:35 UTC 2025
Auto-update on Thu Sep 11 01:45:25 UTC 2025
Auto-update on Fri Sep 12 01:41:06 UTC 2025
Auto-update on Sat Sep 13 01:37:00 UTC 2025
Auto-update on Sun Sep 14 01:49:18 UTC 2025
Auto-update on Mon Sep 15 01:50:51 UTC 2025
Auto-update on Tue Sep 16 01:42:17 UTC 2025
Auto-update on Wed Sep 17 01:42:02 UTC 2025
Auto-update on Thu Sep 18 01:42:18 UTC 2025
Auto-update on Fri Sep 19 01:45:25 UTC 2025
Auto-update on Sat Sep 20 01:40:19 UTC 2025
Auto-update on Sun Sep 21 01:52:31 UTC 2025
Auto-update on Mon Sep 22 01:52:24 UTC 2025
Auto-update on Tue Sep 23 01:42:59 UTC 2025
Auto-update on Wed Sep 24 01:44:25 UTC 2025
Auto-update on Thu Sep 25 01:45:11 UTC 2025
Auto-update on Fri Sep 26 01:44:27 UTC 2025
Auto-update on Sat Sep 27 01:40:05 UTC 2025
Auto-update on Sun Sep 28 01:53:13 UTC 2025
Auto-update on Mon Sep 29 01:47:25 UTC 2025
Auto-update on Tue Sep 30 01:42:26 UTC 2025
Auto-update on Wed Oct  1 01:54:37 UTC 2025
Auto-update on Thu Oct  2 01:42:30 UTC 2025
Auto-update on Fri Oct  3 01:42:15 UTC 2025
Auto-update on Sat Oct  4 01:38:55 UTC 2025
Auto-update on Sun Oct  5 01:52:23 UTC 2025
Auto-update on Mon Oct  6 01:45:43 UTC 2025
Auto-update on Tue Oct  7 01:43:06 UTC 2025
Auto-update on Wed Oct  8 01:43:36 UTC 2025
Auto-update on Thu Oct  9 01:44:11 UTC 2025
Auto-update on Fri Oct 10 01:45:02 UTC 2025
Auto-update on Sat Oct 11 01:40:24 UTC 2025
Auto-update on Sun Oct 12 01:48:17 UTC 2025
Auto-update on Mon Oct 13 01:51:42 UTC 2025
Auto-update on Tue Oct 14 01:45:21 UTC 2025
Auto-update on Wed Oct 15 01:48:04 UTC 2025
Auto-update on Thu Oct 16 01:46:55 UTC 2025
Auto-update on Fri Oct 17 01:45:38 UTC 2025
Auto-update on Sat Oct 18 01:40:46 UTC 2025
Auto-update on Sun Oct 19 01:57:28 UTC 2025
Auto-update on Mon Oct 20 01:54:53 UTC 2025
Auto-update on Tue Oct 21 01:48:49 UTC 2025
Auto-update on Wed Oct 22 01:52:03 UTC 2025
Auto-update on Thu Oct 23 01:47:37 UTC 2025
Auto-update on Fri Oct 24 01:43:38 UTC 2025
Auto-update on Sat Oct 25 01:45:15 UTC 2025
Auto-update on Sun Oct 26 01:53:59 UTC 2025
Auto-update on Mon Oct 27 01:58:03 UTC 2025
Auto-update on Tue Oct 28 01:47:46 UTC 2025
Auto-update on Wed Oct 29 01:54:40 UTC 2025
Auto-update on Thu Oct 30 01:54:04 UTC 2025
Auto-update on Fri Oct 31 01:50:44 UTC 2025
Auto-update on Sat Nov  1 01:54:13 UTC 2025
Auto-update on Sun Nov  2 01:56:43 UTC 2025
Auto-update on Mon Nov  3 01:55:49 UTC 2025
Auto-update on Tue Nov  4 01:51:34 UTC 2025
Auto-update on Wed Nov  5 01:52:46 UTC 2025
Auto-update on Thu Nov  6 01:52:57 UTC 2025
Auto-update on Fri Nov  7 01:51:37 UTC 2025
Auto-update on Sat Nov  8 01:45:39 UTC 2025
Auto-update on Sun Nov  9 01:55:27 UTC 2025
Auto-update on Mon Nov 10 01:56:58 UTC 2025
Auto-update on Tue Nov 11 01:53:32 UTC 2025
Auto-update on Wed Nov 12 01:52:42 UTC 2025
Auto-update on Thu Nov 13 01:54:16 UTC 2025
Auto-update on Fri Nov 14 01:53:18 UTC 2025
Auto-update on Sat Nov 15 01:49:06 UTC 2025
Auto-update on Sun Nov 16 01:58:42 UTC 2025
Auto-update on Mon Nov 17 01:54:13 UTC 2025
Auto-update on Tue Nov 18 01:52:33 UTC 2025
Auto-update on Wed Nov 19 01:52:33 UTC 2025
Auto-update on Thu Nov 20 01:50:41 UTC 2025
Auto-update on Fri Nov 21 01:51:56 UTC 2025
Auto-update on Sat Nov 22 01:47:57 UTC 2025
Auto-update on Sun Nov 23 02:06:15 UTC 2025
Auto-update on Mon Nov 24 02:00:17 UTC 2025
Auto-update on Tue Nov 25 01:53:58 UTC 2025
Auto-update on Wed Nov 26 01:53:54 UTC 2025
Auto-update on Thu Nov 27 01:51:43 UTC 2025
Auto-update on Fri Nov 28 01:51:31 UTC 2025
Auto-update on Sat Nov 29 01:51:09 UTC 2025
Auto-update on Sun Nov 30 02:04:57 UTC 2025
Auto-update on Mon Dec  1 02:13:38 UTC 2025
Auto-update on Tue Dec  2 01:55:54 UTC 2025
Auto-update on Wed Dec  3 01:55:32 UTC 2025
Auto-update on Thu Dec  4 01:56:36 UTC 2025
Auto-update on Fri Dec  5 01:56:55 UTC 2025
Auto-update on Sat Dec  6 01:50:21 UTC 2025
Auto-update on Sun Dec  7 02:05:44 UTC 2025
Auto-update on Mon Dec  8 01:57:37 UTC 2025
Auto-update on Tue Dec  9 01:56:45 UTC 2025
Auto-update on Wed Dec 10 01:58:39 UTC 2025
Auto-update on Thu Dec 11 02:00:28 UTC 2025
Auto-update on Fri Dec 12 01:59:30 UTC 2025
Auto-update on Sat Dec 13 01:53:23 UTC 2025
Auto-update on Sun Dec 14 02:06:16 UTC 2025
Auto-update on Mon Dec 15 02:03:54 UTC 2025
Auto-update on Tue Dec 16 02:00:21 UTC 2025
Auto-update on Wed Dec 17 01:55:43 UTC 2025
Auto-update on Thu Dec 18 01:56:12 UTC 2025
Auto-update on Fri Dec 19 01:59:06 UTC 2025
Auto-update on Sat Dec 20 01:53:22 UTC 2025
Auto-update on Sun Dec 21 02:06:04 UTC 2025
Auto-update on Mon Dec 22 02:05:23 UTC 2025
Auto-update on Tue Dec 23 02:00:40 UTC 2025
Auto-update on Wed Dec 24 01:58:45 UTC 2025
Auto-update on Thu Dec 25 02:00:45 UTC 2025
Auto-update on Fri Dec 26 01:59:58 UTC 2025
Auto-update on Sat Dec 27 01:57:44 UTC 2025
Auto-update on Sun Dec 28 02:11:45 UTC 2025
Auto-update on Mon Dec 29 02:09:50 UTC 2025
Auto-update on Tue Dec 30 02:01:34 UTC 2025
Auto-update on Wed Dec 31 02:01:50 UTC 2025
Auto-update on Thu Jan  1 02:12:13 UTC 2026
Auto-update on Fri Jan  2 02:03:24 UTC 2026
Auto-update on Sat Jan  3 01:56:56 UTC 2026
Auto-update on Sun Jan  4 02:19:56 UTC 2026
Auto-update on Mon Jan  5 02:19:22 UTC 2026
Auto-update on Tue Jan  6 02:03:17 UTC 2026
Auto-update on Wed Jan  7 02:03:05 UTC 2026
Auto-update on Thu Jan  8 02:03:24 UTC 2026
Auto-update on Fri Jan  9 02:04:31 UTC 2026
Auto-update on Sat Jan 10 02:00:26 UTC 2026
Auto-update on Sun Jan 11 02:19:37 UTC 2026
Auto-update on Mon Jan 12 02:09:11 UTC 2026
Auto-update on Tue Jan 13 02:00:50 UTC 2026
Auto-update on Wed Jan 14 02:08:03 UTC 2026
Auto-update on Thu Jan 15 02:02:47 UTC 2026
Auto-update on Fri Jan 16 02:04:55 UTC 2026
Auto-update on Sat Jan 17 01:58:50 UTC 2026
Auto-update on Sun Jan 18 02:12:03 UTC 2026
Auto-update on Mon Jan 19 02:09:42 UTC 2026
Auto-update on Tue Jan 20 02:04:47 UTC 2026
Auto-update on Wed Jan 21 02:07:27 UTC 2026
Auto-update on Thu Jan 22 02:08:56 UTC 2026
Auto-update on Fri Jan 23 02:04:25 UTC 2026
Auto-update on Sat Jan 24 02:00:52 UTC 2026
Auto-update on Sun Jan 25 02:21:59 UTC 2026
Auto-update on Mon Jan 26 02:21:04 UTC 2026
Auto-update on Tue Jan 27 02:11:31 UTC 2026
Auto-update on Wed Jan 28 02:07:20 UTC 2026
Auto-update on Thu Jan 29 02:28:46 UTC 2026
Auto-update on Fri Jan 30 02:28:57 UTC 2026
Auto-update on Sat Jan 31 02:24:53 UTC 2026
Auto-update on Sun Feb  1 02:49:39 UTC 2026
Auto-update on Mon Feb  2 02:39:25 UTC 2026
Auto-update on Tue Feb  3 02:35:22 UTC 2026
Auto-update on Wed Feb  4 02:29:50 UTC 2026
Auto-update on Thu Feb  5 02:31:56 UTC 2026
Auto-update on Fri Feb  6 02:32:18 UTC 2026
Auto-update on Sat Feb  7 02:27:42 UTC 2026
Auto-update on Sun Feb  8 02:54:58 UTC 2026
Auto-update on Mon Feb  9 02:39:46 UTC 2026
Auto-update on Tue Feb 10 02:48:44 UTC 2026
Auto-update on Wed Feb 11 02:45:55 UTC 2026
Auto-update on Thu Feb 12 02:41:24 UTC 2026
Auto-update on Fri Feb 13 02:42:20 UTC 2026
Auto-update on Sat Feb 14 02:29:25 UTC 2026
Auto-update on Sun Feb 15 02:42:44 UTC 2026
Auto-update on Mon Feb 16 02:38:25 UTC 2026
Auto-update on Tue Feb 17 02:34:29 UTC 2026
Auto-update on Wed Feb 18 02:37:57 UTC 2026
